Workbook

Sheet Daily Data
A1: Date | B1: Campaign | C1: Platform | D1: Spend | E1: Impressions | F1: Clicks | G1: Conversions | H1: Revenue | I1: Video Views | J1: Leads
A2: 2026-03-16 | B2: Brand Awareness - LinkedIn | C2: LinkedIn | D2: 1394 | E2: 76840 | F2: 700 | G2: 20 | H2: 7712 | I2: 4526 | J2: 14
A3: 2026-03-16 | B3: Lead Gen - Search | C3: Google Ads | D3: 1729 | E3: 44143 | F3: 1813 | G3: 60 | H3: 20619 | I3: 0 | J3: 39
A4: 2026-03-16 | B4: Retargeting - Display | C4: Google Ads | D4: 654 | E4: 42248 | F4: 1090 | G4: 51 | H4: 11296 | I4: 0 | J4: 9
A5: 2026-03-16 | B5: Webinar Promo - Social | C5: Meta | D5: 946 | E5: 67735 | F5: 1236 | G5: 34 | H5: 5409 | I5: 5006 | J5: 14
A6: 2026-03-16 | B6: Competitor - Search | C6: Google Ads | D6: 888 | E6: 21659 | F6: 941 | G6: 23 | H6: 4209 | I6: 0 | J6: 9
A7: 2026-03-17 | B7: Brand Awareness - LinkedIn | C7: LinkedIn | D7: 1344 | E7: 111222 | F7: 817 | G7: 26 | H7: 7223 | I7: 4578 | J7: 9
A8: 2026-03-17 | B8: Lead Gen - Search | C8: Google Ads | D8: 1860 | E8: 41477 | F8: 1863 | G8: 60 | H8: 16959 | I8: 0 | J8: 47
A9: 2026-03-17 | B9: Retargeting - Display | C9: Google Ads | D9: 577 | E9: 39062 | F9: 1084 | G9: 44 | H9: 11853 | I9: 0 | J9: 8
A10: 2026-03-17 | B10: Webinar Promo - Social | C10: Meta | D10: 744 | E10: 80202 | F10: 1241 | G10: 27 | H10: 7084 | I10: 6475 | J10: 18
A11: 2026-03-17 | B11: Competitor - Search | C11: Google Ads | D11: 833 | E11: 23838 | F11: 929 | G11: 18 | H11: 3290 | I11: 0 | J11: 8
A12: 2026-03-18 | B12: Brand Awareness - LinkedIn | C12: LinkedIn | D12: 1146 | E12: 116074 | F12: 905 | G12: 21 | H12: 7463 | I12: 4007 | J12: 14
A13: 2026-03-18 | B13: Lead Gen - Search | C13: Google Ads | D13: 2075 | E13: 40984 | F13: 2031 | G13: 70 | H13: 18423 | I13: 0 | J13: 52
... A36: 2026-03-22 | B36: Competitor - Search | C36: Google Ads | D36: 803 | E36: 21802 | F36: 799 | G36: 21 | H36: 4184 | I36: 0 | J36: 8

Sheet Weekly Summary
A1: Campaign | B1: Total Spend | C1: Impressions | D1: Clicks | E1: Conversions | F1: Revenue | G1: ROAS | H1: CPA | I1: CTR | J1: CVR
A2: Brand Awareness - LinkedIn | B2: =SUMIFS('Daily Data'!D:D,'Daily Data'!B:B,A2) -> 8891 | C2: =SUMIFS('Daily Data'!E:E,'Daily Data'!B:B,A2) -> 673145 | D2: =SUMIFS('Daily Data'!F:F,'Daily Data'!B:B,A2) -> 5386 | E2: =SUMIFS('Daily Data'!G:G,'Daily Data'!B:B,A2) -> 159 | F2: =SUMIFS('Daily Data'!H:H,'Daily Data'!B:B,A2) -> 52802 | G2: =IF(B2=0,0,F2/B2) -> 5.9388145 | H2: =IF(E2=0,0,B2/E2) -> 55.918239 | I2: =IF(C2=0,0,D2/C2) -> 0.0080012479 | J2: =IF(D2=0,0,E2/D2) -> 0.02952098
A3: Lead Gen - Search | B3: =SUMIFS('Daily Data'!D:D,'Daily Data'!B:B,A3) -> 14986 | C3: =SUMIFS('Daily Data'!E:E,'Daily Data'!B:B,A3) -> 281962 | D3: =SUMIFS('Daily Data'!F:F,'Daily Data'!B:B,A3) -> 14773 | E3: =SUMIFS('Daily Data'!G:G,'Daily Data'!B:B,A3) -> 501 | F3: =SUMIFS('Daily Data'!H:H,'Daily Data'!B:B,A3) -> 141805 | G3: =IF(B3=0,0,F3/B3) -> 9.4624983 | H3: =IF(E3=0,0,B3/E3) -> 29.912176 | I3: =IF(C3=0,0,D3/C3) -> 0.052393585 | J3: =IF(D3=0,0,E3/D3) -> 0.03391322
A4: Retargeting - Display | B4: =SUMIFS('Daily Data'!D:D,'Daily Data'!B:B,A4) -> 3942 | C4: =SUMIFS('Daily Data'!E:E,'Daily Data'!B:B,A4) -> 283213 | D4: =SUMIFS('Daily Data'!F:F,'Daily Data'!B:B,A4) -> 8472 | E4: =SUMIFS('Daily Data'!G:G,'Daily Data'!B:B,A4) -> 353 | F4: =SUMIFS('Daily Data'!H:H,'Daily Data'!B:B,A4) -> 70377 | G4: =IF(B4=0,0,F4/B4) -> 17.85312 | H4: =IF(E4=0,0,B4/E4) -> 11.167139 | I4: =IF(C4=0,0,D4/C4) -> 0.029913881 | J4: =IF(D4=0,0,E4/D4) -> 0.041666667
A5: Webinar Promo - Social | B5: =SUMIFS('Daily Data'!D:D,'Daily Data'!B:B,A5) -> 5856 | C5: =SUMIFS('Daily Data'!E:E,'Daily Data'!B:B,A5) -> 515289 | D5: =SUMIFS('Daily Data'!F:F,'Daily Data'!B:B,A5) -> 10645 | E5: =SUMIFS('Daily Data'!G:G,'Daily Data'!B:B,A5) -> 208 | F5: =SUMIFS('Daily Data'!H:H,'Daily Data'!B:B,A5) -> 39966 | G5: =IF(B5=0,0,F5/B5) -> 6.8247951 | H5: =IF(E5=0,0,B5/E5) -> 28.153846 | I5: =IF(C5=0,0,D5/C5) -> 0.02065831 | J5: =IF(D5=0,0,E5/D5) -> 0.01953969
A6: Competitor - Search | B6: =SUMIFS('Daily Data'!D:D,'Daily Data'!B:B,A6) -> 5707 | C6: =SUMIFS('Daily Data'!E:E,'Daily Data'!B:B,A6) -> 146183 | D6: =SUMIFS('Daily Data'!F:F,'Daily Data'!B:B,A6) -> 5853 | E6: =SUMIFS('Daily Data'!G:G,'Daily Data'!B:B,A6) -> 143 | F6: =SUMIFS('Daily Data'!H:H,'Daily Data'!B:B,A6) -> 28206 | G6: =IF(B6=0,0,F6/B6) -> 4.9423515 | H6: =IF(E6=0,0,B6/E6) -> 39.909091 | I6: =IF(C6=0,0,D6/C6) -> 0.040038855 | J6: =IF(D6=0,0,E6/D6) -> 0.024431915
A7: Total / Avg | B7: =SUM(B2:B6) -> 39382 | C7: =SUM(C2:C6) -> 1899792 | D7: =SUM(D2:D6) -> 45129 | E7: =SUM(E2:E6) -> 1364 | F7: =SUM(F2:F6) -> 333156 | G7: =IF(B7=0,0,F7/B7) -> 8.4596008 | H7: =IF(E7=0,0,B7/E7) -> 28.872434 | I7: =IF(C7=0,0,D7/C7) -> 0.023754706 | J7: =IF(D7=0,0,E7/D7) -> 0.030224468

Sheet Budget Tracker
A1: Campaign | B1: Monthly Budget | C1: Wk 12 Spend | D1: % Used | E1: Remaining | F1: On Track?
A2: Brand Awareness - LinkedIn | B2: 9200 | C2: ='Weekly Summary'!B2 -> 8891 | D2: =IF(B2=0,0,C2/B2) -> 0.96641304 | E2: =B2-C2 -> 309 | F2: =IF(D2<=0.3,"Under","Over") -> Over
A3: Lead Gen - Search | B3: 14800 | C3: ='Weekly Summary'!B3 -> 14986 | D3: =IF(B3=0,0,C3/B3) -> 1.0125676 | E3: =B3-C3 -> -186 | F3: =IF(D3<=0.3,"Under","Over") -> Over
A4: Retargeting - Display | B4: 4300 | C4: ='Weekly Summary'!B4 -> 3942 | D4: =IF(B4=0,0,C4/B4) -> 0.91674419 | E4: =B4-C4 -> 358 | F4: =IF(D4<=0.3,"Under","Over") -> Over
A5: Webinar Promo - Social | B5: 6100 | C5: ='Weekly Summary'!B5 -> 5856 | D5: =IF(B5=0,0,C5/B5) -> 0.96 | E5: =B5-C5 -> 244 | F5: =IF(D5<=0.3,"Under","Over") -> Over
A6: Competitor - Search | B6: 5400 | C6: ='Weekly Summary'!B6 -> 5707 | D6: =IF(B6=0,0,C6/B6) -> 1.0568519 | E6: =B6-C6 -> -307 | F6: =IF(D6<=0.3,"Under","Over") -> Over
