Workbook

Sheet Weekly Performance
A1: Week | B1: Start Date | C1: End Date | D1: Campaign | E1: Platform | F1: Spend | G1: Impressions | H1: Clicks | I1: Conversions | J1: Revenue
A2: W01 | B2: 46027 | C2: 46033 | D2: Brand - Search | E2: Google Ads | F2: 1021 | G2: 33200 | H2: 1971 | I2: 62 | J2: 4614
A3: W01 | B3: 46027 | C3: 46033 | D3: Social - Instagram | E3: Meta | F3: 1526 | G3: 253027 | H3: 2778 | I3: 64 | J3: 2433
A4: W01 | B4: 46027 | C4: 46033 | D4: Social - TikTok | E4: TikTok Ads | F4: 635 | G4: 327085 | H4: 1328 | I4: 26 | J4: 1096
A5: W01 | B5: 46027 | C5: 46033 | D5: Retargeting - Meta | E5: Meta | F5: 622 | G5: 42684 | H5: 1509 | I5: 57 | J5: 2270
A6: W01 | B6: 46027 | C6: 46033 | D6: Shopping - Google | E6: Google Ads | F6: 1370 | G6: 76947 | H6: 2371 | I6: 76 | J6: 6279
A7: W01 | B7: 46027 | C7: 46033 | D7: Influencer Amplification | E7: Meta | F7: 477 | G7: 118279 | H7: 592 | I7: 13 | J7: 573
A8: W02 | B8: 46034 | C8: 46040 | D8: Brand - Search | E8: Google Ads | F8: 1085 | G8: 44475 | H8: 2193 | I8: 83 | J8: 4021
A9: W02 | B9: 46034 | C9: 46040 | D9: Social - Instagram | E9: Meta | F9: 1457 | G9: 247628 | H9: 3469 | I9: 75 | J9: 3074
A10: W02 | B10: 46034 | C10: 46040 | D10: Social - TikTok | E10: TikTok Ads | F10: 771 | G10: 268265 | H10: 1457 | I10: 27 | J10: 864
A11: W02 | B11: 46034 | C11: 46040 | D11: Retargeting - Meta | E11: Meta | F11: 547 | G11: 40438 | H11: 1331 | I11: 53 | J11: 2665
A12: W02 | B12: 46034 | C12: 46040 | D12: Shopping - Google | E12: Google Ads | F12: 1161 | G12: 63266 | H12: 2298 | I12: 103 | J12: 5633
A13: W02 | B13: 46034 | C13: 46040 | D13: Influencer Amplification | E13: Meta | F13: 531 | G13: 122606 | H13: 767 | I13: 10 | J13: 524
... A79: W13 | B79: 46111 | C79: 46117 | D79: Influencer Amplification | E79: Meta | F79: 469 | G79: 120186 | H79: 681 | I79: 14 | J79: 589

Sheet Monthly Summary
A1: Month | B1: Campaign | C1: Spend | D1: Impressions | E1: Clicks | F1: Conversions | G1: Revenue | H1: ROAS | I1: CPA | J1: CTR | K1: CVR
A2: January | B2: Brand - Search | C2: =SUMPRODUCT(('Weekly Performance'!B2:B79>="2026-01-05")*('Weekly Performance'!C2:C79<="2026-01-31")*('Weekly Performance'!D2:D79="Brand - Search")*'Weekly Performance'!F2:F79) -> 0 | D2: =SUMPRODUCT(('Weekly Performance'!B2:B79>="2026-01-05")*('Weekly Performance'!C2:C79<="2026-01-31")*('Weekly Performance'!D2:D79="Brand - Search")*'Weekly Performance'!G2:G79) -> 0 | E2: =SUMPRODUCT(('Weekly Performance'!B2:B79>="2026-01-05")*('Weekly Performance'!C2:C79<="2026-01-31")*('Weekly Performance'!D2:D79="Brand - Search")*'Weekly Performance'!H2:H79) -> 0 | F2: =SUMPRODUCT(('Weekly Performance'!B2:B79>="2026-01-05")*('Weekly Performance'!C2:C79<="2026-01-31")*('Weekly Performance'!D2:D79="Brand - Search")*'Weekly Performance'!I2:I79) -> 0 | G2: =SUMPRODUCT(('Weekly Performance'!B2:B79>="2026-01-05")*('Weekly Performance'!C2:C79<="2026-01-31")*('Weekly Performance'!D2:D79="Brand - Search")*'Weekly Performance'!J2:J79) -> 0 | H2: =IF(C2=0,"-",G2/C2) -> - | I2: =IF(F2=0,"-",C2/F2) -> - | J2: =IF(D2=0,"-",E2/D2) -> - | K2: =IF(E2=0,"-",F2/E2) -> -
A3: January | B3: Social - Instagram | C3: =SUMPRODUCT(('Weekly Performance'!B2:B79>="2026-01-05")*('Weekly Performance'!C2:C79<="2026-01-31")*('Weekly Performance'!D2:D79="Social - Instagram")*'Weekly Performance'!F2:F79) -> 0 | D3: =SUMPRODUCT(('Weekly Performance'!B2:B79>="2026-01-05")*('Weekly Performance'!C2:C79<="2026-01-31")*('Weekly Performance'!D2:D79="Social - Instagram")*'Weekly Performance'!G2:G79) -> 0 | E3: =SUMPRODUCT(('Weekly Performance'!B2:B79>="2026-01-05")*('Weekly Performance'!C2:C79<="2026-01-31")*('Weekly Performance'!D2:D79="Social - Instagram")*'Weekly Performance'!H2:H79) -> 0 | F3: =SUMPRODUCT(('Weekly Performance'!B2:B79>="2026-01-05")*('Weekly Performance'!C2:C79<="2026-01-31")*('Weekly Performance'!D2:D79="Social - Instagram")*'Weekly Performance'!I2:I79) -> 0 | G3: =SUMPRODUCT(('Weekly Performance'!B2:B79>="2026-01-05")*('Weekly Performance'!C2:C79<="2026-01-31")*('Weekly Performance'!D2:D79="Social - Instagram")*'Weekly Performance'!J2:J79) -> 0 | H3: =IF(C3=0,"-",G3/C3) -> - | I3: =IF(F3=0,"-",C3/F3) -> - | J3: =IF(D3=0,"-",E3/D3) -> - | K3: =IF(E3=0,"-",F3/E3) -> -
A4: January | B4: Social - TikTok | C4: =SUMPRODUCT(('Weekly Performance'!B2:B79>="2026-01-05")*('Weekly Performance'!C2:C79<="2026-01-31")*('Weekly Performance'!D2:D79="Social - TikTok")*'Weekly Performance'!F2:F79) -> 0 | D4: =SUMPRODUCT(('Weekly Performance'!B2:B79>="2026-01-05")*('Weekly Performance'!C2:C79<="2026-01-31")*('Weekly Performance'!D2:D79="Social - TikTok")*'Weekly Performance'!G2:G79) -> 0 | E4: =SUMPRODUCT(('Weekly Performance'!B2:B79>="2026-01-05")*('Weekly Performance'!C2:C79<="2026-01-31")*('Weekly Performance'!D2:D79="Social - TikTok")*'Weekly Performance'!H2:H79) -> 0 | F4: =SUMPRODUCT(('Weekly Performance'!B2:B79>="2026-01-05")*('Weekly Performance'!C2:C79<="2026-01-31")*('Weekly Performance'!D2:D79="Social - TikTok")*'Weekly Performance'!I2:I79) -> 0 | G4: =SUMPRODUCT(('Weekly Performance'!B2:B79>="2026-01-05")*('Weekly Performance'!C2:C79<="2026-01-31")*('Weekly Performance'!D2:D79="Social - TikTok")*'Weekly Performance'!J2:J79) -> 0 | H4: =IF(C4=0,"-",G4/C4) -> - | I4: =IF(F4=0,"-",C4/F4) -> - | J4: =IF(D4=0,"-",E4/D4) -> - | K4: =IF(E4=0,"-",F4/E4) -> -
A5: January | B5: Retargeting - Meta | C5: =SUMPRODUCT(('Weekly Performance'!B2:B79>="2026-01-05")*('Weekly Performance'!C2:C79<="2026-01-31")*('Weekly Performance'!D2:D79="Retargeting - Meta")*'Weekly Performance'!F2:F79) -> 0 | D5: =SUMPRODUCT(('Weekly Performance'!B2:B79>="2026-01-05")*('Weekly Performance'!C2:C79<="2026-01-31")*('Weekly Performance'!D2:D79="Retargeting - Meta")*'Weekly Performance'!G2:G79) -> 0 | E5: =SUMPRODUCT(('Weekly Performance'!B2:B79>="2026-01-05")*('Weekly Performance'!C2:C79<="2026-01-31")*('Weekly Performance'!D2:D79="Retargeting - Meta")*'Weekly Performance'!H2:H79) -> 0 | F5: =SUMPRODUCT(('Weekly Performance'!B2:B79>="2026-01-05")*('Weekly Performance'!C2:C79<="2026-01-31")*('Weekly Performance'!D2:D79="Retargeting - Meta")*'Weekly Performance'!I2:I79) -> 0 | G5: =SUMPRODUCT(('Weekly Performance'!B2:B79>="2026-01-05")*('Weekly Performance'!C2:C79<="2026-01-31")*('Weekly Performance'!D2:D79="Retargeting - Meta")*'Weekly Performance'!J2:J79) -> 0 | H5: =IF(C5=0,"-",G5/C5) -> - | I5: =IF(F5=0,"-",C5/F5) -> - | J5: =IF(D5=0,"-",E5/D5) -> - | K5: =IF(E5=0,"-",F5/E5) -> -
A6: January | B6: Shopping - Google | C6: =SUMPRODUCT(('Weekly Performance'!B2:B79>="2026-01-05")*('Weekly Performance'!C2:C79<="2026-01-31")*('Weekly Performance'!D2:D79="Shopping - Google")*'Weekly Performance'!F2:F79) -> 0 | D6: =SUMPRODUCT(('Weekly Performance'!B2:B79>="2026-01-05")*('Weekly Performance'!C2:C79<="2026-01-31")*('Weekly Performance'!D2:D79="Shopping - Google")*'Weekly Performance'!G2:G79) -> 0 | E6: =SUMPRODUCT(('Weekly Performance'!B2:B79>="2026-01-05")*('Weekly Performance'!C2:C79<="2026-01-31")*('Weekly Performance'!D2:D79="Shopping - Google")*'Weekly Performance'!H2:H79) -> 0 | F6: =SUMPRODUCT(('Weekly Performance'!B2:B79>="2026-01-05")*('Weekly Performance'!C2:C79<="2026-01-31")*('Weekly Performance'!D2:D79="Shopping - Google")*'Weekly Performance'!I2:I79) -> 0 | G6: =SUMPRODUCT(('Weekly Performance'!B2:B79>="2026-01-05")*('Weekly Performance'!C2:C79<="2026-01-31")*('Weekly Performance'!D2:D79="Shopping - Google")*'Weekly Performance'!J2:J79) -> 0 | H6: =IF(C6=0,"-",G6/C6) -> - | I6: =IF(F6=0,"-",C6/F6) -> - | J6: =IF(D6=0,"-",E6/D6) -> - | K6: =IF(E6=0,"-",F6/E6) -> -
A7: January | B7: Influencer Amplification | C7: =SUMPRODUCT(('Weekly Performance'!B2:B79>="2026-01-05")*('Weekly Performance'!C2:C79<="2026-01-31")*('Weekly Performance'!D2:D79="Influencer Amplification")*'Weekly Performance'!F2:F79) -> 0 | D7: =SUMPRODUCT(('Weekly Performance'!B2:B79>="2026-01-05")*('Weekly Performance'!C2:C79<="2026-01-31")*('Weekly Performance'!D2:D79="Influencer Amplification")*'Weekly Performance'!G2:G79) -> 0 | E7: =SUMPRODUCT(('Weekly Performance'!B2:B79>="2026-01-05")*('Weekly Performance'!C2:C79<="2026-01-31")*('Weekly Performance'!D2:D79="Influencer Amplification")*'Weekly Performance'!H2:H79) -> 0 | F7: =SUMPRODUCT(('Weekly Performance'!B2:B79>="2026-01-05")*('Weekly Performance'!C2:C79<="2026-01-31")*('Weekly Performance'!D2:D79="Influencer Amplification")*'Weekly Performance'!I2:I79) -> 0 | G7: =SUMPRODUCT(('Weekly Performance'!B2:B79>="2026-01-05")*('Weekly Performance'!C2:C79<="2026-01-31")*('Weekly Performance'!D2:D79="Influencer Amplification")*'Weekly Performance'!J2:J79) -> 0 | H7: =IF(C7=0,"-",G7/C7) -> - | I7: =IF(F7=0,"-",C7/F7) -> - | J7: =IF(D7=0,"-",E7/D7) -> - | K7: =IF(E7=0,"-",F7/E7) -> -
A8: February | B8: Brand - Search | C8: =SUMPRODUCT(('Weekly Performance'!B2:B79>="2026-02-01")*('Weekly Performance'!C2:C79<="2026-02-28")*('Weekly Performance'!D2:D79="Brand - Search")*'Weekly Performance'!F2:F79) -> 0 | D8: =SUMPRODUCT(('Weekly Performance'!B2:B79>="2026-02-01")*('Weekly Performance'!C2:C79<="2026-02-28")*('Weekly Performance'!D2:D79="Brand - Search")*'Weekly Performance'!G2:G79) -> 0 | E8: =SUMPRODUCT(('Weekly Performance'!B2:B79>="2026-02-01")*('Weekly Performance'!C2:C79<="2026-02-28")*('Weekly Performance'!D2:D79="Brand - Search")*'Weekly Performance'!H2:H79) -> 0 | F8: =SUMPRODUCT(('Weekly Performance'!B2:B79>="2026-02-01")*('Weekly Performance'!C2:C79<="2026-02-28")*('Weekly Performance'!D2:D79="Brand - Search")*'Weekly Performance'!I2:I79) -> 0 | G8: =SUMPRODUCT(('Weekly Performance'!B2:B79>="2026-02-01")*('Weekly Performance'!C2:C79<="2026-02-28")*('Weekly Performance'!D2:D79="Brand - Search")*'Weekly Performance'!J2:J79) -> 0 | H8: =IF(C8=0,"-",G8/C8) -> - | I8: =IF(F8=0,"-",C8/F8) -> - | J8: =IF(D8=0,"-",E8/D8) -> - | K8: =IF(E8=0,"-",F8/E8) -> -
A9: February | B9: Social - Instagram | C9: =SUMPRODUCT(('Weekly Performance'!B2:B79>="2026-02-01")*('Weekly Performance'!C2:C79<="2026-02-28")*('Weekly Performance'!D2:D79="Social - Instagram")*'Weekly Performance'!F2:F79) -> 0 | D9: =SUMPRODUCT(('Weekly Performance'!B2:B79>="2026-02-01")*('Weekly Performance'!C2:C79<="2026-02-28")*('Weekly Performance'!D2:D79="Social - Instagram")*'Weekly Performance'!G2:G79) -> 0 | E9: =SUMPRODUCT(('Weekly Performance'!B2:B79>="2026-02-01")*('Weekly Performance'!C2:C79<="2026-02-28")*('Weekly Performance'!D2:D79="Social - Instagram")*'Weekly Performance'!H2:H79) -> 0 | F9: =SUMPRODUCT(('Weekly Performance'!B2:B79>="2026-02-01")*('Weekly Performance'!C2:C79<="2026-02-28")*('Weekly Performance'!D2:D79="Social - Instagram")*'Weekly Performance'!I2:I79) -> 0 | G9: =SUMPRODUCT(('Weekly Performance'!B2:B79>="2026-02-01")*('Weekly Performance'!C2:C79<="2026-02-28")*('Weekly Performance'!D2:D79="Social - Instagram")*'Weekly Performance'!J2:J79) -> 0 | H9: =IF(C9=0,"-",G9/C9) -> - | I9: =IF(F9=0,"-",C9/F9) -> - | J9: =IF(D9=0,"-",E9/D9) -> - | K9: =IF(E9=0,"-",F9/E9) -> -
A10: February | B10: Social - TikTok | C10: =SUMPRODUCT(('Weekly Performance'!B2:B79>="2026-02-01")*('Weekly Performance'!C2:C79<="2026-02-28")*('Weekly Performance'!D2:D79="Social - TikTok")*'Weekly Performance'!F2:F79) -> 0 | D10: =SUMPRODUCT(('Weekly Performance'!B2:B79>="2026-02-01")*('Weekly Performance'!C2:C79<="2026-02-28")*('Weekly Performance'!D2:D79="Social - TikTok")*'Weekly Performance'!G2:G79) -> 0 | E10: =SUMPRODUCT(('Weekly Performance'!B2:B79>="2026-02-01")*('Weekly Performance'!C2:C79<="2026-02-28")*('Weekly Performance'!D2:D79="Social - TikTok")*'Weekly Performance'!H2:H79) -> 0 | F10: =SUMPRODUCT(('Weekly Performance'!B2:B79>="2026-02-01")*('Weekly Performance'!C2:C79<="2026-02-28")*('Weekly Performance'!D2:D79="Social - TikTok")*'Weekly Performance'!I2:I79) -> 0 | G10: =SUMPRODUCT(('Weekly Performance'!B2:B79>="2026-02-01")*('Weekly Performance'!C2:C79<="2026-02-28")*('Weekly Performance'!D2:D79="Social - TikTok")*'Weekly Performance'!J2:J79) -> 0 | H10: =IF(C10=0,"-",G10/C10) -> - | I10: =IF(F10=0,"-",C10/F10) -> - | J10: =IF(D10=0,"-",E10/D10) -> - | K10: =IF(E10=0,"-",F10/E10) -> -
A11: February | B11: Retargeting - Meta | C11: =SUMPRODUCT(('Weekly Performance'!B2:B79>="2026-02-01")*('Weekly Performance'!C2:C79<="2026-02-28")*('Weekly Performance'!D2:D79="Retargeting - Meta")*'Weekly Performance'!F2:F79) -> 0 | D11: =SUMPRODUCT(('Weekly Performance'!B2:B79>="2026-02-01")*('Weekly Performance'!C2:C79<="2026-02-28")*('Weekly Performance'!D2:D79="Retargeting - Meta")*'Weekly Performance'!G2:G79) -> 0 | E11: =SUMPRODUCT(('Weekly Performance'!B2:B79>="2026-02-01")*('Weekly Performance'!C2:C79<="2026-02-28")*('Weekly Performance'!D2:D79="Retargeting - Meta")*'Weekly Performance'!H2:H79) -> 0 | F11: =SUMPRODUCT(('Weekly Performance'!B2:B79>="2026-02-01")*('Weekly Performance'!C2:C79<="2026-02-28")*('Weekly Performance'!D2:D79="Retargeting - Meta")*'Weekly Performance'!I2:I79) -> 0 | G11: =SUMPRODUCT(('Weekly Performance'!B2:B79>="2026-02-01")*('Weekly Performance'!C2:C79<="2026-02-28")*('Weekly Performance'!D2:D79="Retargeting - Meta")*'Weekly Performance'!J2:J79) -> 0 | H11: =IF(C11=0,"-",G11/C11) -> - | I11: =IF(F11=0,"-",C11/F11) -> - | J11: =IF(D11=0,"-",E11/D11) -> - | K11: =IF(E11=0,"-",F11/E11) -> -
A12: February | B12: Shopping - Google | C12: =SUMPRODUCT(('Weekly Performance'!B2:B79>="2026-02-01")*('Weekly Performance'!C2:C79<="2026-02-28")*('Weekly Performance'!D2:D79="Shopping - Google")*'Weekly Performance'!F2:F79) -> 0 | D12: =SUMPRODUCT(('Weekly Performance'!B2:B79>="2026-02-01")*('Weekly Performance'!C2:C79<="2026-02-28")*('Weekly Performance'!D2:D79="Shopping - Google")*'Weekly Performance'!G2:G79) -> 0 | E12: =SUMPRODUCT(('Weekly Performance'!B2:B79>="2026-02-01")*('Weekly Performance'!C2:C79<="2026-02-28")*('Weekly Performance'!D2:D79="Shopping - Google")*'Weekly Performance'!H2:H79) -> 0 | F12: =SUMPRODUCT(('Weekly Performance'!B2:B79>="2026-02-01")*('Weekly Performance'!C2:C79<="2026-02-28")*('Weekly Performance'!D2:D79="Shopping - Google")*'Weekly Performance'!I2:I79) -> 0 | G12: =SUMPRODUCT(('Weekly Performance'!B2:B79>="2026-02-01")*('Weekly Performance'!C2:C79<="2026-02-28")*('Weekly Performance'!D2:D79="Shopping - Google")*'Weekly Performance'!J2:J79) -> 0 | H12: =IF(C12=0,"-",G12/C12) -> - | I12: =IF(F12=0,"-",C12/F12) -> - | J12: =IF(D12=0,"-",E12/D12) -> - | K12: =IF(E12=0,"-",F12/E12) -> -
A13: February | B13: Influencer Amplification | C13: =SUMPRODUCT(('Weekly Performance'!B2:B79>="2026-02-01")*('Weekly Performance'!C2:C79<="2026-02-28")*('Weekly Performance'!D2:D79="Influencer Amplification")*'Weekly Performance'!F2:F79) -> 0 | D13: =SUMPRODUCT(('Weekly Performance'!B2:B79>="2026-02-01")*('Weekly Performance'!C2:C79<="2026-02-28")*('Weekly Performance'!D2:D79="Influencer Amplification")*'Weekly Performance'!G2:G79) -> 0 | E13: =SUMPRODUCT(('Weekly Performance'!B2:B79>="2026-02-01")*('Weekly Performance'!C2:C79<="2026-02-28")*('Weekly Performance'!D2:D79="Influencer Amplification")*'Weekly Performance'!H2:H79) -> 0 | F13: =SUMPRODUCT(('Weekly Performance'!B2:B79>="2026-02-01")*('Weekly Performance'!C2:C79<="2026-02-28")*('Weekly Performance'!D2:D79="Influencer Amplification")*'Weekly Performance'!I2:I79) -> 0 | G13: =SUMPRODUCT(('Weekly Performance'!B2:B79>="2026-02-01")*('Weekly Performance'!C2:C79<="2026-02-28")*('Weekly Performance'!D2:D79="Influencer Amplification")*'Weekly Performance'!J2:J79) -> 0 | H13: =IF(C13=0,"-",G13/C13) -> - | I13: =IF(F13=0,"-",C13/F13) -> - | J13: =IF(D13=0,"-",E13/D13) -> - | K13: =IF(E13=0,"-",F13/E13) -> -
A14: March | B14: Brand - Search | C14: =SUMPRODUCT(('Weekly Performance'!B2:B79>="2026-03-01")*('Weekly Performance'!C2:C79<="2026-03-29")*('Weekly Performance'!D2:D79="Brand - Search")*'Weekly Performance'!F2:F79) -> 0 | D14: =SUMPRODUCT(('Weekly Performance'!B2:B79>="2026-03-01")*('Weekly Performance'!C2:C79<="2026-03-29")*('Weekly Performance'!D2:D79="Brand - Search")*'Weekly Performance'!G2:G79) -> 0 | E14: =SUMPRODUCT(('Weekly Performance'!B2:B79>="2026-03-01")*('Weekly Performance'!C2:C79<="2026-03-29")*('Weekly Performance'!D2:D79="Brand - Search")*'Weekly Performance'!H2:H79) -> 0 | F14: =SUMPRODUCT(('Weekly Performance'!B2:B79>="2026-03-01")*('Weekly Performance'!C2:C79<="2026-03-29")*('Weekly Performance'!D2:D79="Brand - Search")*'Weekly Performance'!I2:I79) -> 0 | G14: =SUMPRODUCT(('Weekly Performance'!B2:B79>="2026-03-01")*('Weekly Performance'!C2:C79<="2026-03-29")*('Weekly Performance'!D2:D79="Brand - Search")*'Weekly Performance'!J2:J79) -> 0 | H14: =IF(C14=0,"-",G14/C14) -> - | I14: =IF(F14=0,"-",C14/F14) -> - | J14: =IF(D14=0,"-",E14/D14) -> - | K14: =IF(E14=0,"-",F14/E14) -> -
A15: March | B15: Social - Instagram | C15: =SUMPRODUCT(('Weekly Performance'!B2:B79>="2026-03-01")*('Weekly Performance'!C2:C79<="2026-03-29")*('Weekly Performance'!D2:D79="Social - Instagram")*'Weekly Performance'!F2:F79) -> 0 | D15: =SUMPRODUCT(('Weekly Performance'!B2:B79>="2026-03-01")*('Weekly Performance'!C2:C79<="2026-03-29")*('Weekly Performance'!D2:D79="Social - Instagram")*'Weekly Performance'!G2:G79) -> 0 | E15: =SUMPRODUCT(('Weekly Performance'!B2:B79>="2026-03-01")*('Weekly Performance'!C2:C79<="2026-03-29")*('Weekly Performance'!D2:D79="Social - Instagram")*'Weekly Performance'!H2:H79) -> 0 | F15: =SUMPRODUCT(('Weekly Performance'!B2:B79>="2026-03-01")*('Weekly Performance'!C2:C79<="2026-03-29")*('Weekly Performance'!D2:D79="Social - Instagram")*'Weekly Performance'!I2:I79) -> 0 | G15: =SUMPRODUCT(('Weekly Performance'!B2:B79>="2026-03-01")*('Weekly Performance'!C2:C79<="2026-03-29")*('Weekly Performance'!D2:D79="Social - Instagram")*'Weekly Performance'!J2:J79) -> 0 | H15: =IF(C15=0,"-",G15/C15) -> - | I15: =IF(F15=0,"-",C15/F15) -> - | J15: =IF(D15=0,"-",E15/D15) -> - | K15: =IF(E15=0,"-",F15/E15) -> -
A16: March | B16: Social - TikTok | C16: =SUMPRODUCT(('Weekly Performance'!B2:B79>="2026-03-01")*('Weekly Performance'!C2:C79<="2026-03-29")*('Weekly Performance'!D2:D79="Social - TikTok")*'Weekly Performance'!F2:F79) -> 0 | D16: =SUMPRODUCT(('Weekly Performance'!B2:B79>="2026-03-01")*('Weekly Performance'!C2:C79<="2026-03-29")*('Weekly Performance'!D2:D79="Social - TikTok")*'Weekly Performance'!G2:G79) -> 0 | E16: =SUMPRODUCT(('Weekly Performance'!B2:B79>="2026-03-01")*('Weekly Performance'!C2:C79<="2026-03-29")*('Weekly Performance'!D2:D79="Social - TikTok")*'Weekly Performance'!H2:H79) -> 0 | F16: =SUMPRODUCT(('Weekly Performance'!B2:B79>="2026-03-01")*('Weekly Performance'!C2:C79<="2026-03-29")*('Weekly Performance'!D2:D79="Social - TikTok")*'Weekly Performance'!I2:I79) -> 0 | G16: =SUMPRODUCT(('Weekly Performance'!B2:B79>="2026-03-01")*('Weekly Performance'!C2:C79<="2026-03-29")*('Weekly Performance'!D2:D79="Social - TikTok")*'Weekly Performance'!J2:J79) -> 0 | H16: =IF(C16=0,"-",G16/C16) -> - | I16: =IF(F16=0,"-",C16/F16) -> - | J16: =IF(D16=0,"-",E16/D16) -> - | K16: =IF(E16=0,"-",F16/E16) -> -
A17: March | B17: Retargeting - Meta | C17: =SUMPRODUCT(('Weekly Performance'!B2:B79>="2026-03-01")*('Weekly Performance'!C2:C79<="2026-03-29")*('Weekly Performance'!D2:D79="Retargeting - Meta")*'Weekly Performance'!F2:F79) -> 0 | D17: =SUMPRODUCT(('Weekly Performance'!B2:B79>="2026-03-01")*('Weekly Performance'!C2:C79<="2026-03-29")*('Weekly Performance'!D2:D79="Retargeting - Meta")*'Weekly Performance'!G2:G79) -> 0 | E17: =SUMPRODUCT(('Weekly Performance'!B2:B79>="2026-03-01")*('Weekly Performance'!C2:C79<="2026-03-29")*('Weekly Performance'!D2:D79="Retargeting - Meta")*'Weekly Performance'!H2:H79) -> 0 | F17: =SUMPRODUCT(('Weekly Performance'!B2:B79>="2026-03-01")*('Weekly Performance'!C2:C79<="2026-03-29")*('Weekly Performance'!D2:D79="Retargeting - Meta")*'Weekly Performance'!I2:I79) -> 0 | G17: =SUMPRODUCT(('Weekly Performance'!B2:B79>="2026-03-01")*('Weekly Performance'!C2:C79<="2026-03-29")*('Weekly Performance'!D2:D79="Retargeting - Meta")*'Weekly Performance'!J2:J79) -> 0 | H17: =IF(C17=0,"-",G17/C17) -> - | I17: =IF(F17=0,"-",C17/F17) -> - | J17: =IF(D17=0,"-",E17/D17) -> - | K17: =IF(E17=0,"-",F17/E17) -> -
A18: March | B18: Shopping - Google | C18: =SUMPRODUCT(('Weekly Performance'!B2:B79>="2026-03-01")*('Weekly Performance'!C2:C79<="2026-03-29")*('Weekly Performance'!D2:D79="Shopping - Google")*'Weekly Performance'!F2:F79) -> 0 | D18: =SUMPRODUCT(('Weekly Performance'!B2:B79>="2026-03-01")*('Weekly Performance'!C2:C79<="2026-03-29")*('Weekly Performance'!D2:D79="Shopping - Google")*'Weekly Performance'!G2:G79) -> 0 | E18: =SUMPRODUCT(('Weekly Performance'!B2:B79>="2026-03-01")*('Weekly Performance'!C2:C79<="2026-03-29")*('Weekly Performance'!D2:D79="Shopping - Google")*'Weekly Performance'!H2:H79) -> 0 | F18: =SUMPRODUCT(('Weekly Performance'!B2:B79>="2026-03-01")*('Weekly Performance'!C2:C79<="2026-03-29")*('Weekly Performance'!D2:D79="Shopping - Google")*'Weekly Performance'!I2:I79) -> 0 | G18: =SUMPRODUCT(('Weekly Performance'!B2:B79>="2026-03-01")*('Weekly Performance'!C2:C79<="2026-03-29")*('Weekly Performance'!D2:D79="Shopping - Google")*'Weekly Performance'!J2:J79) -> 0 | H18: =IF(C18=0,"-",G18/C18) -> - | I18: =IF(F18=0,"-",C18/F18) -> - | J18: =IF(D18=0,"-",E18/D18) -> - | K18: =IF(E18=0,"-",F18/E18) -> -
A19: March | B19: Influencer Amplification | C19: =SUMPRODUCT(('Weekly Performance'!B2:B79>="2026-03-01")*('Weekly Performance'!C2:C79<="2026-03-29")*('Weekly Performance'!D2:D79="Influencer Amplification")*'Weekly Performance'!F2:F79) -> 0 | D19: =SUMPRODUCT(('Weekly Performance'!B2:B79>="2026-03-01")*('Weekly Performance'!C2:C79<="2026-03-29")*('Weekly Performance'!D2:D79="Influencer Amplification")*'Weekly Performance'!G2:G79) -> 0 | E19: =SUMPRODUCT(('Weekly Performance'!B2:B79>="2026-03-01")*('Weekly Performance'!C2:C79<="2026-03-29")*('Weekly Performance'!D2:D79="Influencer Amplification")*'Weekly Performance'!H2:H79) -> 0 | F19: =SUMPRODUCT(('Weekly Performance'!B2:B79>="2026-03-01")*('Weekly Performance'!C2:C79<="2026-03-29")*('Weekly Performance'!D2:D79="Influencer Amplification")*'Weekly Performance'!I2:I79) -> 0 | G19: =SUMPRODUCT(('Weekly Performance'!B2:B79>="2026-03-01")*('Weekly Performance'!C2:C79<="2026-03-29")*('Weekly Performance'!D2:D79="Influencer Amplification")*'Weekly Performance'!J2:J79) -> 0 | H19: =IF(C19=0,"-",G19/C19) -> - | I19: =IF(F19=0,"-",C19/F19) -> - | J19: =IF(D19=0,"-",E19/D19) -> - | K19: =IF(E19=0,"-",F19/E19) -> -

Sheet Channel Targets Q1 2026
A1: Campaign | B1: Monthly Budget Target | C1: ROAS Target | D1: CPA Target | E1: CTR Target | F1: Notes
A2: Brand - Search | B2: 4200 | C2: 4.0x | D2: €16 | E2: 4.5% | F2: Protect brand terms; match Acme Retail benchmark
A3: Social - Instagram | B3: 6200 | C3: 2.5x | D3: €16 | E3: 1.8% | F3: Focus on Reels; align with influencer calendar
A4: Social - TikTok | B4: 3100 | C4: 2.0x | D4: €20 | E4: 0.6% | F4: Awareness-first; test TikTok Shop in Feb
A5: Retargeting - Meta | B5: 2600 | C5: 4.0x | D5: €14 | E5: 2.8% | F5: 30-day window; dynamic product ads
A6: Shopping - Google | B6: 5200 | C6: 4.0x | D6: €15 | E6: 3.2% | F6: Feed optimization monthly; high-margin priority
A7: Influencer Amplification | B7: 2200 | C7: 1.5x | D7: €35 | E7: 0.5% | F7: Rotate 3–4 creators per quarter; engagement >4%
